Name,Path,Url
89c8bfe6af38f668815f6c34080b038e5e93c0e845197d46e8ad259b6c6208ff,dataset\train\images\паспорт_рф\89c8bfe6af38f668815f6c34080b038e5e93c0e845197d46e8ad259b6c6208ff.png,https://res.cloudinary.com/dbb6h31sb/image/upload/v1571460245/lq0n4ad6pxpqslxun4mp.png
fc3a20c81a82f70f99578071f68ac26bbf93c4bbbd995bc6b2eb617f03ba9063,dataset\train\images\паспорт_рф\fc3a20c81a82f70f99578071f68ac26bbf93c4bbbd995bc6b2eb617f03ba9063.png,https://avatars.mds.yandex.net/i?id=a5adb7c5178080bbbe03bdc80ccf3c67_l-10144593-images-thumbs&n=13
f41cbf4a0ea62bf66321c881fa0483808dc53cefef9d45ebe8cfee6ea69d2322,dataset\train\images\паспорт_рф\f41cbf4a0ea62bf66321c881fa0483808dc53cefef9d45ebe8cfee6ea69d2322.png,https://avatars.mds.yandex.net/i?id=a205555f682e96754c723c49f8fefd12_l-5578546-images-thumbs&n=13
c070299b386ecd2de9c178275992b2938dabc8495716de24660fff9d5f5aa9a3,dataset\train\images\паспорт_рф\c070299b386ecd2de9c178275992b2938dabc8495716de24660fff9d5f5aa9a3.png,https://avatars.mds.yandex.net/i?id=e8e1efcdf66d9fbaa912c3e3b188a5d9_l-4902542-images-thumbs&n=13
71918b1385fbbd8d70a9d43cbb5854460b9a06759f7929d03241f62fe039242c,dataset\train\images\паспорт_рф\71918b1385fbbd8d70a9d43cbb5854460b9a06759f7929d03241f62fe039242c.png,https://avatars.mds.yandex.net/i?id=e5365242968f7f588f3a6e4316f41206_l-5314773-images-thumbs&n=13
cafdcf7a147a9e529a2161e8a7069b465e1c96d284e8cb4aee1ca57299e40655,dataset\train\images\паспорт_рф\cafdcf7a147a9e529a2161e8a7069b465e1c96d284e8cb4aee1ca57299e40655.png,https://avatars.mds.yandex.net/i?id=804b13354efb9a5f4ca92e3ee41c95ed_l-12471101-images-thumbs&n=13
24e578ac5e41fab20ec719a67f25bd4bb6d71148313a3fc54a04ef728a8ff139,dataset\train\images\паспорт_рф\24e578ac5e41fab20ec719a67f25bd4bb6d71148313a3fc54a04ef728a8ff139.png,https://avatars.mds.yandex.net/i?id=bf8687d88c4d711205de90cfc1b9160e_l-8185861-images-thumbs&n=13
d2874316e590da6185dad79330b6773674c328a0abf501d78e41232db8998a0e,dataset\train\images\паспорт_рф\d2874316e590da6185dad79330b6773674c328a0abf501d78e41232db8998a0e.png,https://avatars.mds.yandex.net/i?id=8054a561ffe5602a6d19f74f829722b1_l-5448488-images-thumbs&n=13
6a608723cf0b7774a788c860867710d0932733a8df3b0cd16ceb7ee95eafa56f,dataset\train\images\паспорт_рф\6a608723cf0b7774a788c860867710d0932733a8df3b0cd16ceb7ee95eafa56f.png,https://avatars.mds.yandex.net/i?id=c26e5911bafb2e155d013e96c3f61b67_l-5560765-images-thumbs&n=13
c6d4c18cf04204b7afc9a7f831e4bb27d185c8f67d9349c082dd6dab0a5fb7b5,dataset\train\images\паспорт_рф\c6d4c18cf04204b7afc9a7f831e4bb27d185c8f67d9349c082dd6dab0a5fb7b5.png,https://avatars.mds.yandex.net/i?id=c707b0ea7aa77eab554e2dbcf77bc2d2_l-5233567-images-thumbs&n=13
e66214d997c515b88d640b36ba4688d0ddda6dd90f887df7e544e473a2ea0446,dataset\train\images\паспорт_рф\e66214d997c515b88d640b36ba4688d0ddda6dd90f887df7e544e473a2ea0446.png,https://nedvigist.ru/wp-content/uploads/2016/12/docpr2.png
2061c094b2cd0387cf19af16864fa0d70eebe397719d4ab023740b4ececc0f9b,dataset\train\images\паспорт_рф\2061c094b2cd0387cf19af16864fa0d70eebe397719d4ab023740b4ececc0f9b.png,https://avatars.mds.yandex.net/i?id=ddfeb887214273d4ba2c1849bd8007ce_l-8497033-images-thumbs&n=13
7988903a3e1230aa586679a566d2fdc6a69fe49867aacf6a6b6fed1f3861ae98,dataset\train\images\паспорт_рф\7988903a3e1230aa586679a566d2fdc6a69fe49867aacf6a6b6fed1f3861ae98.png,https://avatars.mds.yandex.net/i?id=aabaf74a9c74cefaa85ae27aaa637e1f_l-5228090-images-thumbs&n=13
81a6d7d666c44e40d372d3a8f8a4e020e3d6bf8ad0e1cd974ad1e4db6d1e151d,dataset\train\images\паспорт_рф\81a6d7d666c44e40d372d3a8f8a4e020e3d6bf8ad0e1cd974ad1e4db6d1e151d.png,https://avatars.mds.yandex.net/i?id=c435ffd0f16f71bd729aa5cfd5817a79_l-9720926-images-thumbs&n=13
d1a58b4c83ac7eb26636794e6f09b1e4a1137cded0ed526e2b0eebd76bcf40d0,dataset\train\images\паспорт_рф\d1a58b4c83ac7eb26636794e6f09b1e4a1137cded0ed526e2b0eebd76bcf40d0.png,https://avatars.mds.yandex.net/i?id=6f4f2608113f0213d38fbee35c4a0257_l-5289344-images-thumbs&n=13
0355025ae5f440b43aa09ecc722e98ccf8693a92adfada85d604608e31952e21,dataset\train\images\паспорт_рф\0355025ae5f440b43aa09ecc722e98ccf8693a92adfada85d604608e31952e21.png,https://avatars.mds.yandex.net/i?id=0dc6468cf9fa78ee894a8dedac833830_l-5297754-images-thumbs&n=13
9788133f5e0448d59fd8d0fe443bf5fe1e9425eea15a449ec55f32ce6c89a9f9,dataset\train\images\паспорт_рф\9788133f5e0448d59fd8d0fe443bf5fe1e9425eea15a449ec55f32ce6c89a9f9.png,https://avatars.mds.yandex.net/i?id=94b78342f293fac75739ac75bb6ac0da_l-5026383-images-thumbs&n=13
d4a3532215f3c46ac5dd982ed603874d6f38749d1ebf76c830165e46139490b4,dataset\train\images\паспорт_рф\d4a3532215f3c46ac5dd982ed603874d6f38749d1ebf76c830165e46139490b4.png,https://steamuserimages-a.akamaihd.net/ugc/1847055130523291578/5A2C85205B734C7FE67183E629B12A89F3E6CB72/?imw=512&amp;imh=360&amp;ima=fit&amp;impolicy=Letterbox&amp;imcolor=%23000000&amp;letterbox=true
78f36a0d6e1a98b1491b4b8d55b442ad5a67fb7076f7478641bd530081933b8c,dataset\train\images\паспорт_рф\78f36a0d6e1a98b1491b4b8d55b442ad5a67fb7076f7478641bd530081933b8c.png,https://avatars.mds.yandex.net/i?id=43385de98bbebc3fcc76bb6b17753c9d_l-5700464-images-thumbs&n=13
a56e091e6c191b004f64a3cc626c9c76ba04309a216aa40925d394bddcf10f2a,dataset\train\images\паспорт_рф\a56e091e6c191b004f64a3cc626c9c76ba04309a216aa40925d394bddcf10f2a.png,https://avatars.mds.yandex.net/i?id=05b06131f97524c35e0b5243072399f1_l-4407700-images-thumbs&n=13
fafa551d029e28008f00631c1685da30f24c64590c0f306538116f74a20c4c67,dataset\train\images\паспорт_рф\fafa551d029e28008f00631c1685da30f24c64590c0f306538116f74a20c4c67.png,https://upload.wikimedia.org/wikipedia/commons/thumb/f/f2/Russian_Passport_%28Internal%29.svg/640px-Russian_Passport_%28Internal%29.svg.png
b3f9ac6a45907899393c12bda4570a9ab2c972d674d6bd7e349263a1e319f164,dataset\train\images\паспорт_рф\b3f9ac6a45907899393c12bda4570a9ab2c972d674d6bd7e349263a1e319f164.png,https://avatars.mds.yandex.net/i?id=3c696e9ca538b11bdd64a16b19fd708c_l-8497407-images-thumbs&n=13
562eacf0096ff21dcfac50d938ce3730d9332de33a72feb2cbd7cb4458617c11,dataset\train\images\паспорт_рф\562eacf0096ff21dcfac50d938ce3730d9332de33a72feb2cbd7cb4458617c11.png,https://avatars.mds.yandex.net/i?id=cb39e2ce5729336fc84427e762e58ecc_l-10350650-images-thumbs&n=13
a6551663ab6f32237cdb314b3fd685c4fe38181eb797e00304f96577671472f2,dataset\train\images\паспорт_рф\a6551663ab6f32237cdb314b3fd685c4fe38181eb797e00304f96577671472f2.png,https://avatars.mds.yandex.net/i?id=1ad64600638f9c607717e4437cec06de_l-5492246-images-thumbs&n=13
3935ee2b2e26328078ec568fcf48978088f1e064e7a655de3b6c429de280f52f,dataset\train\images\паспорт_рф\3935ee2b2e26328078ec568fcf48978088f1e064e7a655de3b6c429de280f52f.png,https://avatars.mds.yandex.net/i?id=3ab76595a2804fae490a8f2fee85eee8_l-5305969-images-thumbs&n=13
46cf0e31f50cb62cff652b11a0a57de937d5ef27b29f9c49130bc3aafff068cc,dataset\train\images\паспорт_рф\46cf0e31f50cb62cff652b11a0a57de937d5ef27b29f9c49130bc3aafff068cc.png,https://avatars.mds.yandex.net/i?id=9fe42b3b24da0a30d513d60fa0489896_l-5243206-images-thumbs&n=13
0af1a10174fea6070e4744337f019286ace9745fb8136b924742e806364736e5,dataset\train\images\паспорт_рф\0af1a10174fea6070e4744337f019286ace9745fb8136b924742e806364736e5.png,https://avatars.mds.yandex.net/i?id=06f5333e157cd4c9f4850ded11cd278a_l-4055778-images-thumbs&n=13
6d783a3d63ccea41a920af4645b0ac59d79303f2e557fde62fde00381ef88783,dataset\train\images\паспорт_рф\6d783a3d63ccea41a920af4645b0ac59d79303f2e557fde62fde00381ef88783.png,https://avatars.mds.yandex.net/i?id=24881a48d05c97d6c2062382d754d14f_l-4498782-images-thumbs&n=13
765d3e9742026e0a8d6c5f8c551e24970109df7503c1d7fa65d410d627c418f1,dataset\train\images\паспорт_рф\765d3e9742026e0a8d6c5f8c551e24970109df7503c1d7fa65d410d627c418f1.png,https://avatars.mds.yandex.net/i?id=dfc47373a5a47acafb13936e49f0d95b_l-12532291-images-thumbs&n=13
c7c5efc3974b75efb58175bb167f38e8e43f056dcbd6044bf3bddd54e9caa6d5,dataset\train\images\паспорт_рф\c7c5efc3974b75efb58175bb167f38e8e43f056dcbd6044bf3bddd54e9caa6d5.png,https://avatars.mds.yandex.net/i?id=42a5f7e217e490f2103301f8332f9ad9_l-12544737-images-thumbs&n=13
ac27ea892f215cc914b68f8126dd319c5883bfc41114438134311d2bf629506d,dataset\train\images\паспорт_рф\ac27ea892f215cc914b68f8126dd319c5883bfc41114438134311d2bf629506d.png,https://avatars.mds.yandex.net/i?id=f861a984d999729edff72b7b5ae46494_l-5228069-images-thumbs&n=13
e23f32559709024235fd57eb257dfaf45ffa8804da9f940bc602def67a30848f,dataset\train\images\паспорт_рф\e23f32559709024235fd57eb257dfaf45ffa8804da9f940bc602def67a30848f.png,https://avatars.mds.yandex.net/i?id=6446fb4a1328bc5e2c3d87b8cd86e86c_l-5221812-images-thumbs&n=13
ec553c1949627abc729cdde2f6d584eecdc171ae13020899be514fc799c98369,dataset\train\images\паспорт_рф\ec553c1949627abc729cdde2f6d584eecdc171ae13020899be514fc799c98369.png,https://avatars.mds.yandex.net/i?id=d026be9ad4afbbba3fe0f652cd15338e_l-10248205-images-thumbs&n=13
d5db526f54013c2116a1a27f30f9ed79a36cc8bc986e066fe63f38c10a409c6b,dataset\train\images\паспорт_рф\d5db526f54013c2116a1a27f30f9ed79a36cc8bc986e066fe63f38c10a409c6b.png,https://avatars.mds.yandex.net/i?id=101e6ab8a01e3437ebf0e060d8636afd_l-5231013-images-thumbs&n=13
6df2e50d98addaa2ab2f1a9f7a2bd929bd91202e8aaf99a86c156f4b4e6882ab,dataset\train\images\паспорт_рф\6df2e50d98addaa2ab2f1a9f7a2bd929bd91202e8aaf99a86c156f4b4e6882ab.png,https://avatars.mds.yandex.net/i?id=b5e9ba7ae18d46bb32f22c7a450ed037_l-9065836-images-thumbs&n=13
1adaa07b49bb1878fb435e28cf263a75bdfd29e12be11cbf35f53b374c63a213,dataset\train\images\паспорт_рф\1adaa07b49bb1878fb435e28cf263a75bdfd29e12be11cbf35f53b374c63a213.png,https://avatars.mds.yandex.net/i?id=c603507b8778d7a717f889733aa239f4_l-4073140-images-thumbs&n=13
ce1db942fd01aa666df36464e29c0de90b514445ab867c7c0366f6be3e99f677,dataset\train\images\паспорт_рф\ce1db942fd01aa666df36464e29c0de90b514445ab867c7c0366f6be3e99f677.png,https://avatars.mds.yandex.net/i?id=c5b2a9b6faacae006a86c16c80c1823e_l-10549345-images-thumbs&n=13
f19db3d7af45ccdc8d2410c6cd821d98f63fb13805e38240c0236649424f9065,dataset\train\images\паспорт_рф\f19db3d7af45ccdc8d2410c6cd821d98f63fb13805e38240c0236649424f9065.png,https://avatars.mds.yandex.net/i?id=1523c1aa2d2be3265986fded5b0b7152_l-10190941-images-thumbs&n=13
81c18d4d454397bd50a776e0a495d819c6a2454cb94cfb8cbd72191b10d84311,dataset\train\images\паспорт_рф\81c18d4d454397bd50a776e0a495d819c6a2454cb94cfb8cbd72191b10d84311.png,https://avatars.mds.yandex.net/i?id=4bb8e1ede998a186a5d0655956e5a0b1_l-5293214-images-thumbs&n=13
e2d7e96df5fc6d8e81442f097674de578290859cacfd4a4f38bad3d56665d9e0,dataset\train\images\паспорт_рф\e2d7e96df5fc6d8e81442f097674de578290859cacfd4a4f38bad3d56665d9e0.png,https://avatars.mds.yandex.net/i?id=99c38cfc3331a2393b5c7ff2a84f8a05_l-5231317-images-thumbs&n=13
4a5a6b924f3c013f9c8dfd35cf18d611295ba1384f7922309377e1edc27c6bb6,dataset\train\images\паспорт_рф\4a5a6b924f3c013f9c8dfd35cf18d611295ba1384f7922309377e1edc27c6bb6.png,https://avatars.mds.yandex.net/i?id=6df704b76c74e5a492a1b49c9d29b78f_l-5257463-images-thumbs&n=13
c13f6dfa4448015a70738ffc60bb366248be5a686c894a0c92ed6f6d229979d4,dataset\train\images\паспорт_рф\c13f6dfa4448015a70738ffc60bb366248be5a686c894a0c92ed6f6d229979d4.png,https://avatars.mds.yandex.net/i?id=19cfeec1c5b969124b5303c8095a8e3c_l-4936065-images-thumbs&n=13
95bbba963746900078e79c0061ea1486b1e6cc1cb05df3efdb2506f7cbd3f59a,dataset\train\images\паспорт_рф\95bbba963746900078e79c0061ea1486b1e6cc1cb05df3efdb2506f7cbd3f59a.png,https://avatars.mds.yandex.net/i?id=33ae24f343d5aec1ef984d8b9582772e_l-5226207-images-thumbs&n=13
da8f38145cc90663261a92c305ca88cee505c1c9089040a1aaff43b638c841de,dataset\train\images\паспорт_рф\da8f38145cc90663261a92c305ca88cee505c1c9089040a1aaff43b638c841de.png,https://avatars.mds.yandex.net/i?id=dc6a55cb59e5bd37fae5499100cb305f_l-8428027-images-thumbs&n=13
c5bc835322824f619f62497d2fdab5d7a4bf6fb5fa5cde5b3776444c0ecbc12f,dataset\train\images\паспорт_рф\c5bc835322824f619f62497d2fdab5d7a4bf6fb5fa5cde5b3776444c0ecbc12f.png,https://avatars.mds.yandex.net/i?id=e3bb1844bba1ae4909ec7db712a39de3_l-9093415-images-thumbs&n=13
370185ac7f2f0bf7a25c83a000e4ba41c0fbcb2d9df60de6c27a2845767a8421,dataset\train\images\паспорт_рф\370185ac7f2f0bf7a25c83a000e4ba41c0fbcb2d9df60de6c27a2845767a8421.png,https://avatars.mds.yandex.net/i?id=52a0cf5f30d782c427597ef0863b91f0_l-5433869-images-thumbs&n=13
ecd045011aa52c688d8a356c8bff09b08212279bb7c9612ba87677d6a40220e4,dataset\train\images\паспорт_рф\ecd045011aa52c688d8a356c8bff09b08212279bb7c9612ba87677d6a40220e4.png,https://avatars.mds.yandex.net/i?id=8ec003521582302830aec6e4db3f08bd_l-5331782-images-thumbs&n=13
6fdd5f331e2b567c3de5343c5d32bcb436051c7a25fdaa58af0fe781383709c0,dataset\train\images\паспорт_рф\6fdd5f331e2b567c3de5343c5d32bcb436051c7a25fdaa58af0fe781383709c0.png,https://avatars.mds.yandex.net/i?id=89b36f13e2bac29835339b0a2723e0c6_l-5700188-images-thumbs&n=13
3db7a2f91c20ed9cd82c13c8fc0d9a3452ae6214d1d93ccaa032383b25a76bcc,dataset\train\images\паспорт_рф\3db7a2f91c20ed9cd82c13c8fc0d9a3452ae6214d1d93ccaa032383b25a76bcc.png,https://avatars.mds.yandex.net/i?id=80522d571b80a6f4e0ef33ec6ae29d87_l-5161363-images-thumbs&n=13
6677e27214b6c523643df16f7ad443e4a38f4e2d125f0570271cdd3cf2197fc7,dataset\train\images\паспорт_рф\6677e27214b6c523643df16f7ad443e4a38f4e2d125f0570271cdd3cf2197fc7.png,https://avatars.mds.yandex.net/i?id=4ed8ebf69e44fea533ad4fa6db00e287_l-5249255-images-thumbs&n=13
1a6b97a58a91f88250e2ec6e3c89fd0701ace602ee92fc9401377e62beca9360,dataset\train\images\паспорт_рф\1a6b97a58a91f88250e2ec6e3c89fd0701ace602ee92fc9401377e62beca9360.png,https://avatars.mds.yandex.net/i?id=5b811a49bca046038fc05554ded25b72_l-7013580-images-thumbs&n=13
7679e7023d84a37c2df50e33a2e8b415850bc6cd74f4a3df65ba6f7fcfd76ab3,dataset\train\images\паспорт_рф\7679e7023d84a37c2df50e33a2e8b415850bc6cd74f4a3df65ba6f7fcfd76ab3.png,https://avatars.mds.yandex.net/i?id=a94ad6cefdacaf9ad8d44481d57057df_l-5248434-images-thumbs&n=13
871930fb4b37802fa3c00a07e580b52e27c736162a691524a3a5d9193ffa9f08,dataset\train\images\паспорт_рф\871930fb4b37802fa3c00a07e580b52e27c736162a691524a3a5d9193ffa9f08.png,https://avatars.mds.yandex.net/i?id=133a0261178aed602c77c1c10cdcffc4_l-5176960-images-thumbs&n=13
09f949de55f31dfea2aff47b20518a23ad9694635d184d20d7de967e5f0150be,dataset\train\images\паспорт_рф\09f949de55f31dfea2aff47b20518a23ad9694635d184d20d7de967e5f0150be.png,https://avatars.mds.yandex.net/i?id=de17e884e7681026c12251e4ebf7d114_l-5244179-images-thumbs&n=13
1ab98a340d9d9a5d1d4ddb9b63fdb2d9b70ad2368e049d8a07fd501ad72daf4e,dataset\train\images\паспорт_рф\1ab98a340d9d9a5d1d4ddb9b63fdb2d9b70ad2368e049d8a07fd501ad72daf4e.png,https://avatars.mds.yandex.net/i?id=4b1499d62c05661e5e1717733cda92fd_l-5222587-images-thumbs&n=13
aaf322a49c9781d470e9da549365f05f232bfe5539aa35889f1d96f30b653e01,dataset\train\images\паспорт_рф\aaf322a49c9781d470e9da549365f05f232bfe5539aa35889f1d96f30b653e01.png,https://avatars.mds.yandex.net/i?id=1fa37884457c764d4c504b11142c4362_l-7082664-images-thumbs&n=13
3e727a9c3a03151a9307eabb1c7e3b34c3006d879f9abe9a264a041d6be0959b,dataset\train\images\паспорт_рф\3e727a9c3a03151a9307eabb1c7e3b34c3006d879f9abe9a264a041d6be0959b.png,https://avatars.mds.yandex.net/i?id=91e14475d0ac13f63423690c8404cff2_l-5547366-images-thumbs&n=13
7580636ad439dfc51ba3fa40053c98163629f11ceb858aa6ccb4ba45b9813335,dataset\train\images\паспорт_рф\7580636ad439dfc51ba3fa40053c98163629f11ceb858aa6ccb4ba45b9813335.png,https://avatars.mds.yandex.net/i?id=18c0cb9be6db228cb986034e4004602c_l-5339868-images-thumbs&n=13
070941c15650a2f103ed93d9ca16c2718c493db99f539be803f70ad5726f5ee6,dataset\train\images\паспорт_рф\070941c15650a2f103ed93d9ca16c2718c493db99f539be803f70ad5726f5ee6.png,https://static.tildacdn.com/tild3036-3834-4232-b739-343830303265/pasport-bez-fona-768.png
6d764d1a5641f2686b814e303bb98eb726089e9723f7bf148831d1b4dbcb6e95,dataset\train\images\паспорт_рф\6d764d1a5641f2686b814e303bb98eb726089e9723f7bf148831d1b4dbcb6e95.png,https://avatars.mds.yandex.net/i?id=e94235908541fa1b297fa307b417cf93_l-5235949-images-thumbs&n=13
645d686d6e0f289cc2045d7c3cfdd9926f40ac708809a7355ccb830802f0c5b8,dataset\train\images\паспорт_рф\645d686d6e0f289cc2045d7c3cfdd9926f40ac708809a7355ccb830802f0c5b8.png,https://avatars.mds.yandex.net/i?id=3fe4511befcdf5db26e10e3f0f16e967_l-5241566-images-thumbs&n=13
a76a933b46378b5b2bb633c1c89fe09de52be2ad238a9879153dc517af465ee0,dataset\train\images\паспорт_рф\a76a933b46378b5b2bb633c1c89fe09de52be2ad238a9879153dc517af465ee0.png,https://avatars.mds.yandex.net/i?id=84789d7729ee50f81a5e77325a4038e7_l-5239342-images-thumbs&n=13
06af9a536603f31297a24426897420d1525deba004e40b7e302e0267e9eca143,dataset\train\images\паспорт_рф\06af9a536603f31297a24426897420d1525deba004e40b7e302e0267e9eca143.png,https://avatars.mds.yandex.net/i?id=e791afc69d51244f80301c41ecae5970_l-10779417-images-thumbs&n=13
c0112a2e9860717e3b4563f2b3c800d01df235575d7196faa480c038c3430b89,dataset\train\images\паспорт_рф\c0112a2e9860717e3b4563f2b3c800d01df235575d7196faa480c038c3430b89.png,https://avatars.mds.yandex.net/i?id=210b8b0f6d910ecb7fc7d5c936e3fdf7_l-12384509-images-thumbs&n=13
071cac05764ad5a318facca290a04311a6270dd8c837a07ac6a569a4ed2d4450,dataset\train\images\паспорт_рф\071cac05764ad5a318facca290a04311a6270dd8c837a07ac6a569a4ed2d4450.png,https://avatars.mds.yandex.net/i?id=0b1fb03ef7704cb9a6badcc62d44fd2a_l-5288161-images-thumbs&n=13
049e804385129e2690b5c3516e64538347b2fd5816a8d7e9f03eeb6c90ccefb5,dataset\train\images\паспорт_рф\049e804385129e2690b5c3516e64538347b2fd5816a8d7e9f03eeb6c90ccefb5.png,https://avatars.mds.yandex.net/i?id=d870ef666e609effc2a47d41a9a98956_l-5280263-images-thumbs&n=13
eeeacfd0b0c3cac0de774c53a54ec744abab8437480a91b7ce89725b6d2e12aa,dataset\train\images\паспорт_рф\eeeacfd0b0c3cac0de774c53a54ec744abab8437480a91b7ce89725b6d2e12aa.png,https://avatars.mds.yandex.net/i?id=740d88daa06664c798dcc4042ebbac31_l-4726270-images-thumbs&n=13
d7e208bcdf171dbb466343ff6dc73c17c05ba00330e12bed9c42796976488407,dataset\train\images\паспорт_рф\d7e208bcdf171dbb466343ff6dc73c17c05ba00330e12bed9c42796976488407.png,https://viplawyer.ru/wp-content/uploads/2019/02/Kak-sdelat-idealnoe-foto-na-rossijskij-pasport.png
0a740a2e1e37d6757cd17b2fb401df41b3a66ce479de5a4b28420a29b36c7a7e,dataset\train\images\паспорт_рф\0a740a2e1e37d6757cd17b2fb401df41b3a66ce479de5a4b28420a29b36c7a7e.png,https://avatars.mds.yandex.net/i?id=4a1401a7d24d0bbef7e7cb099f0d74f4_l-5087196-images-thumbs&n=13
eda1a5feca77eee431201086010be1b7f88667ea3af0a791c1466d67e1afc6b8,dataset\train\images\паспорт_рф\eda1a5feca77eee431201086010be1b7f88667ea3af0a791c1466d67e1afc6b8.png,https://avatars.mds.yandex.net/i?id=5299b56099e1f003db59850f7d5841ef_l-5233897-images-thumbs&n=13
f1854fd3caf2231bca6f7c2be939d0c600cedda58a8614c4a060d73208592764,dataset\train\images\паспорт_рф\f1854fd3caf2231bca6f7c2be939d0c600cedda58a8614c4a060d73208592764.png,https://avatars.mds.yandex.net/i?id=984bcc9fd828ec1a177b5fe30304c09f_l-5297106-images-thumbs&n=13
78a132e09394fb1fc8256f236d2e365db48ef6a83013b34920620336f113c868,dataset\train\images\паспорт_рф\78a132e09394fb1fc8256f236d2e365db48ef6a83013b34920620336f113c868.png,https://avatars.mds.yandex.net/i?id=9d6f79b905b083ac57b3e0cc0be8f7b2_l-8312020-images-thumbs&n=13
ba9099d37f2b582efb2ba3461da6613fce7f3a76ebfb88661e5901470597544a,dataset\train\images\паспорт_рф\ba9099d37f2b582efb2ba3461da6613fce7f3a76ebfb88661e5901470597544a.png,https://avatars.mds.yandex.net/i?id=4fd823bf6c2975f750a7a8b50f78a545_l-4401150-images-thumbs&n=13
3876bcafcf6424e3b6536d65ed5472ca15a96b1632bdb016ffa441c0bc77dc69,dataset\train\images\паспорт_рф\3876bcafcf6424e3b6536d65ed5472ca15a96b1632bdb016ffa441c0bc77dc69.png,https://avatars.mds.yandex.net/i?id=78d8e793ecba67c4be033b5ae3c5cfaf_l-5299744-images-thumbs&n=13
7c0f933379954dbda45cb72458eeed5d0b896a8c2c10f2535a23ca3255514551,dataset\train\images\паспорт_рф\7c0f933379954dbda45cb72458eeed5d0b896a8c2c10f2535a23ca3255514551.png,https://avatars.mds.yandex.net/i?id=34571950f25690deb6c09d917fbf8f14_l-5209680-images-thumbs&n=13
5bc7e4417612c25d99f3503d9397f6e2efbe163c9b751061cef6bcad910cf085,dataset\train\images\паспорт_рф\5bc7e4417612c25d99f3503d9397f6e2efbe163c9b751061cef6bcad910cf085.png,https://cdn.culture.ru/images/00c490a8-6660-55f4-b4f3-4096d008a11f
ca0dbd3b1fd241cde8e3c1d709cd6408dc3447f81d44fca529dcf26e54ac46b1,dataset\train\images\паспорт_рф\ca0dbd3b1fd241cde8e3c1d709cd6408dc3447f81d44fca529dcf26e54ac46b1.png,https://avatars.mds.yandex.net/i?id=786763c8d8df7b3977f1211efc25602e_l-5283596-images-thumbs&n=13
c6998ac8bef035399b1e8f57f1c599ebd61372950a43a3a6a1322252f0546c8f,dataset\train\images\паспорт_рф\c6998ac8bef035399b1e8f57f1c599ebd61372950a43a3a6a1322252f0546c8f.png,https://avatars.mds.yandex.net/i?id=bb22611c56c724204199bfb3694ef487_l-5297839-images-thumbs&n=13
a5c7905381ee365c1e8c316da59dedbd9a95be7adc8411afb73505f0c8608e2f,dataset\train\images\паспорт_рф\a5c7905381ee365c1e8c316da59dedbd9a95be7adc8411afb73505f0c8608e2f.png,https://avatars.mds.yandex.net/i?id=b32ee3028a5122fdfaa0ea3eaa514523_l-5222807-images-thumbs&n=13
4089deed32d855167949c82163b4d442c4b1449e47d68e1074e3c32751d4e6fa,dataset\train\images\паспорт_рф\4089deed32d855167949c82163b4d442c4b1449e47d68e1074e3c32751d4e6fa.png,https://avatars.mds.yandex.net/i?id=ce3dc65d9e42cf2dd1d8bd0541371a46_l-10157084-images-thumbs&n=13
270ea3d109c0ba6e329d30f3afa0f27ca8fede10b05d352de38e05eb399141b1,dataset\train\images\паспорт_рф\270ea3d109c0ba6e329d30f3afa0f27ca8fede10b05d352de38e05eb399141b1.png,https://avatars.mds.yandex.net/i?id=a6c3c94b42a2248d901fd4bda610fb8b_l-4119111-images-thumbs&n=13
38653e142bb83b3db6c754bac558e70e25b9d77230654bfb8d70fdfcea2b58f3,dataset\train\images\паспорт_рф\38653e142bb83b3db6c754bac558e70e25b9d77230654bfb8d70fdfcea2b58f3.png,https://avatars.mds.yandex.net/i?id=fc78049fa23a0438d514f353efcb6019_l-5094280-images-thumbs&n=13
2c2353356352499d446961e0ade5b8e8215d177a276b56752b702c0dfba6a71a,dataset\train\images\паспорт_рф\2c2353356352499d446961e0ade5b8e8215d177a276b56752b702c0dfba6a71a.png,https://avatars.mds.yandex.net/i?id=5624967cad5e98528858974a05b29989_l-4599018-images-thumbs&n=13
9f9b6bd774ee59b321adde1ba927b3da4632b1c25dfbe3cf2d18293be82ad7fc,dataset\train\images\паспорт_рф\9f9b6bd774ee59b321adde1ba927b3da4632b1c25dfbe3cf2d18293be82ad7fc.png,https://avatars.mds.yandex.net/i?id=b5223def22899f0abf513884ffebf164_l-3974798-images-thumbs&n=13
c4b5ea4ee4e26dd93a428333b05fb80ddcd66ae92a0a681e19ecb01706e6cfe6,dataset\train\images\паспорт_рф\c4b5ea4ee4e26dd93a428333b05fb80ddcd66ae92a0a681e19ecb01706e6cfe6.png,https://avatars.mds.yandex.net/i?id=a666d345caa0c3ccc17d56f8cf5ef9c6_l-5887129-images-thumbs&n=13
ade24ef6a76ebc5d37a3f32ad120c66a44823fbb2fb4ad12f7f4afc28ad684f3,dataset\train\images\паспорт_рф\ade24ef6a76ebc5d37a3f32ad120c66a44823fbb2fb4ad12f7f4afc28ad684f3.png,https://avatars.mds.yandex.net/i?id=e2c42866ca63d2f4f5a7ab7c3ca3574b_l-5394818-images-thumbs&n=13
f410f8030eec33d7bda91c51102cae3d29ef8df28e475729c77da916328a6e3f,dataset\train\images\паспорт_рф\f410f8030eec33d7bda91c51102cae3d29ef8df28e475729c77da916328a6e3f.png,https://avatars.mds.yandex.net/i?id=f19f0f49c2ed1be1251d573037ed935f_l-5628603-images-thumbs&n=13
37f53096aad9ca61e266beb12e48730664e954e47c4163820696890f7edf70bc,dataset\train\images\паспорт_рф\37f53096aad9ca61e266beb12e48730664e954e47c4163820696890f7edf70bc.png,https://avatars.mds.yandex.net/i?id=55d5fe8906b542c740afd99c26fb2f6a_l-4353469-images-thumbs&n=13
3edef244c0bf4ad94b1779436cee4692d0c2542d8732cd03b844ab1cc60049ff,dataset\train\images\паспорт_рф\3edef244c0bf4ad94b1779436cee4692d0c2542d8732cd03b844ab1cc60049ff.png,https://avatars.mds.yandex.net/get-ydo/9712213/2a0000018924d3cd94371296273d637648af/diploma
3f48d4f8ce3bfe9b0f00023c33a9d2c8a99a14b326b7a1dba7e4438bcf41be99,dataset\train\images\паспорт_рф\3f48d4f8ce3bfe9b0f00023c33a9d2c8a99a14b326b7a1dba7e4438bcf41be99.png,https://avatars.mds.yandex.net/i?id=c2714ac1804e837f525919bcd5d00c55_l-5355267-images-thumbs&n=13
e040df6773aaf98d2410c72c4f4df97fc770852916e4b545c297703ff6f79e1f,dataset\train\images\паспорт_рф\e040df6773aaf98d2410c72c4f4df97fc770852916e4b545c297703ff6f79e1f.png,https://avatars.mds.yandex.net/i?id=e259d45e6fa48347cb7bc6aef925312b_l-5865527-images-thumbs&n=13
1c601c1a146dc7b1c7e23fff479f64d320bad9dff2fb0b5a44ae712706dbae48,dataset\train\images\паспорт_рф\1c601c1a146dc7b1c7e23fff479f64d320bad9dff2fb0b5a44ae712706dbae48.png,https://avatars.mds.yandex.net/i?id=2fef6c880f554272da149331b5f14b90_l-5234848-images-thumbs&n=13
871648d8c6183a1824932777641a6592c79037160f944b7d5badbb6cb13f20a2,dataset\train\images\паспорт_рф\871648d8c6183a1824932777641a6592c79037160f944b7d5badbb6cb13f20a2.png,https://avatars.mds.yandex.net/i?id=7e12eafcff6dfc625da751a44ce2d73b_l-5543432-images-thumbs&n=13
adcdb803d29084598ca6d2481963ddc0cb14e6b6aa7d01dbec6fbafb61ebb9a1,dataset\train\images\паспорт_рф\adcdb803d29084598ca6d2481963ddc0cb14e6b6aa7d01dbec6fbafb61ebb9a1.png,https://avatars.mds.yandex.net/i?id=c753de05333239d095efeab8290c300b_l-5408886-images-thumbs&n=13
8443ee3b5928a3c46a5d642df62f418d1b89b9f79fcf49d6830e13fbbf5a00f2,dataset\train\images\паспорт_рф\8443ee3b5928a3c46a5d642df62f418d1b89b9f79fcf49d6830e13fbbf5a00f2.png,https://avatars.mds.yandex.net/i?id=092d672c3ed0d2bd2f56b02ec0c266ce_l-5384577-images-thumbs&n=13
dcb9828b0b7cb34e8777f5d81be29b335dca956b8e091174b50b4b3815ad7d8c,dataset\train\images\паспорт_рф\dcb9828b0b7cb34e8777f5d81be29b335dca956b8e091174b50b4b3815ad7d8c.png,https://avatars.mds.yandex.net/i?id=00ff0261a0c32434c84351decdad275a_l-5658460-images-thumbs&n=13
cf59fcc7d2794a7d30cf49f9a12cacad9714534088c09f7cef4a69bd62505220,dataset\train\images\паспорт_рф\cf59fcc7d2794a7d30cf49f9a12cacad9714534088c09f7cef4a69bd62505220.png,https://otvet.imgsmail.ru/download/245070603_d7d7329bff41b444be1d4e328cd2e5bd_800.png
0495df3d3a5e1418beca0615e688d5df8dd0a00aaeade8d8bd56a4962c4aca68,dataset\train\images\паспорт_рф\0495df3d3a5e1418beca0615e688d5df8dd0a00aaeade8d8bd56a4962c4aca68.png,https://avatars.mds.yandex.net/i?id=7f9fea39f4b2c0e7744cba855988e576_l-5344952-images-thumbs&n=13
b7c360bb77c185a8f419fae1686ac032a0f74fac6e7894ce22001bc896b7a435,dataset\train\images\паспорт_рф\b7c360bb77c185a8f419fae1686ac032a0f74fac6e7894ce22001bc896b7a435.png,https://avatars.mds.yandex.net/i?id=38b2c8781dd6e104e474719519e25a96_l-5667442-images-thumbs&n=13
1c622ddccbbfb96dd578a3188972c86e7b2c4426d881fdbc4dd719f66f7cd52c,dataset\train\images\паспорт_рф\1c622ddccbbfb96dd578a3188972c86e7b2c4426d881fdbc4dd719f66f7cd52c.png,https://avatars.mds.yandex.net/i?id=4c4911157ec95db90fd93d2d4045fd0c_l-4593232-images-thumbs&n=13
31014cd9f4c8b3f7d4022520abb8608510db95b3eae55048a3cfba5a2b894749,dataset\train\images\картинки\31014cd9f4c8b3f7d4022520abb8608510db95b3eae55048a3cfba5a2b894749.png,https://avatars.mds.yandex.net/i?id=4f7586d49edaa427e07a8819562fc284_l-5248434-images-thumbs&n=13
397498b6e0b6610ba608de5ca61afd09a640bb73ff5ff0b6f2d67ebcf9675313,dataset\train\images\картинки\397498b6e0b6610ba608de5ca61afd09a640bb73ff5ff0b6f2d67ebcf9675313.png,https://avatars.mds.yandex.net/i?id=fc0e813c7aa52b349c80764409c97e3e_l-5288046-images-thumbs&n=13
4fbc02a7a091e2d1c3dc4c7d46941872ae53dbe695fcae41107bb2645b63c7d5,dataset\train\images\картинки\4fbc02a7a091e2d1c3dc4c7d46941872ae53dbe695fcae41107bb2645b63c7d5.png,https://avatars.mds.yandex.net/i?id=6c2bda59576dd941127efb12a0072a57_l-9107081-images-thumbs&n=13
d775c7b79b6ee99493cdaace31d64af7a577c5ca6fa0de6a7d3e8e961c5ac034,dataset\train\images\картинки\d775c7b79b6ee99493cdaace31d64af7a577c5ca6fa0de6a7d3e8e961c5ac034.png,https://img.goodfon.ru/original/2736x1824/8/d3/zakat-nebo-solnce-luchi-oblaka.jpg
e6423aac1af345e91012266c2faecb3a34bd5db9da5563634e4e3990fe03f754,dataset\train\images\картинки\e6423aac1af345e91012266c2faecb3a34bd5db9da5563634e4e3990fe03f754.png,https://avatars.mds.yandex.net/i?id=c2e5b07ce99caed2187299771ede3a6d_l-5315578-images-thumbs&n=13
b63339870e11e1532caa7526512a8d1711ef590d4c631f917543e43dafbc1576,dataset\train\images\картинки\b63339870e11e1532caa7526512a8d1711ef590d4c631f917543e43dafbc1576.png,https://avatars.mds.yandex.net/i?id=dee2d16edab63aa7baba582689f1eaf1_l-5884527-images-thumbs&n=13
f5991fcb11377220a694c1c18434b82dcb06549b30bc0a5e130226848f238f33,dataset\train\images\картинки\f5991fcb11377220a694c1c18434b82dcb06549b30bc0a5e130226848f238f33.png,https://i.pinimg.com/originals/24/ac/ef/24acef8b3a6a45d7239480bcc4ff0193.jpg
2df110affb2e0eb9410a64c4053576c5561725323cf9741217d06ecbae25a7c1,dataset\train\images\картинки\2df110affb2e0eb9410a64c4053576c5561725323cf9741217d06ecbae25a7c1.png,https://avatars.mds.yandex.net/i?id=620a34cebc3874fce678f6eece507df2_l-5173410-images-thumbs&n=13
2d7a7aa8e5a7e8748f374098401acc643072ecdabd37388f21c6493e49890fce,dataset\train\images\картинки\2d7a7aa8e5a7e8748f374098401acc643072ecdabd37388f21c6493e49890fce.png,https://avatars.mds.yandex.net/i?id=cea406888eda000c8a62fa9526921854_l-5236607-images-thumbs&n=13
9b73ac1466d5d7077c9fc26cb6f22e192a828dcbb46823bc1507839f616e3ea4,dataset\train\images\картинки\9b73ac1466d5d7077c9fc26cb6f22e192a828dcbb46823bc1507839f616e3ea4.png,https://avatars.mds.yandex.net/i?id=2a22d58d3db4aae1f1a69ff1631ec543_l-5208943-images-thumbs&n=13
a00802b9e60ec7225a85ba8562a10d1a4a62ba36f7d8397adbafa24e23fe41ad,dataset\train\images\картинки\a00802b9e60ec7225a85ba8562a10d1a4a62ba36f7d8397adbafa24e23fe41ad.png,https://avatars.mds.yandex.net/i?id=130498fcea06062435a9a636b8cd9b4e_l-5644946-images-thumbs&n=13
8b893693d9c7ecdd6515d6add6115f657dae521b63601408aad5e27f7af531b1,dataset\train\images\картинки\8b893693d9c7ecdd6515d6add6115f657dae521b63601408aad5e27f7af531b1.png,https://avatars.mds.yandex.net/i?id=1bea43c9449309793c0f626721029e3c_l-9598980-images-thumbs&n=13
8eb53a8cadf6e6be97b70a5887e76528292dcf6271b4955c9132a14dce0b4d09,dataset\train\images\картинки\8eb53a8cadf6e6be97b70a5887e76528292dcf6271b4955c9132a14dce0b4d09.png,https://avatars.mds.yandex.net/i?id=2f8e164cfc8d80671aa828072c0e45c8_l-12216120-images-thumbs&n=13
2505a96a8dc421d71fafb5f8bf0846ae53a2ffef349aa03a94fc574abc9aaa12,dataset\train\images\картинки\2505a96a8dc421d71fafb5f8bf0846ae53a2ffef349aa03a94fc574abc9aaa12.png,https://avatars.mds.yandex.net/i?id=24483fce2ec9dbfa5572769e9b6fffdd_l-8244093-images-thumbs&n=13
40f414489fbe814832fc8d6cb6664521d67d6420d316273f675c114589dbacbd,dataset\train\images\картинки\40f414489fbe814832fc8d6cb6664521d67d6420d316273f675c114589dbacbd.png,https://avatars.mds.yandex.net/i?id=51b6671c57f3f76e291cc28a30daa1f2_l-9835753-images-thumbs&n=13
30cd6d183c6d69d2f468ab3996fb3e159230f7fa70b5560aafd808917d258976,dataset\train\images\картинки\30cd6d183c6d69d2f468ab3996fb3e159230f7fa70b5560aafd808917d258976.png,https://avatars.mds.yandex.net/i?id=a577415dc7f769fc3afbf8555a5599b0_l-4219822-images-thumbs&n=13
65ef9b0c2d15e195ca2da42d1cb91af91a811ea9fea4d4b4f6f32ee1aa8f68bb,dataset\train\images\картинки\65ef9b0c2d15e195ca2da42d1cb91af91a811ea9fea4d4b4f6f32ee1aa8f68bb.png,https://i.ytimg.com/vi/3qdqTR8bJLk/maxresdefault.jpg
fdc6f80e425c3b81fa742975c27e8d0b1c01a71d99e3a6848b25b2098727b894,dataset\train\images\картинки\fdc6f80e425c3b81fa742975c27e8d0b1c01a71d99e3a6848b25b2098727b894.png,https://avatars.mds.yandex.net/i?id=df0af3643d080ba19949bfcb484014c9_l-5504090-images-thumbs&n=13
26db0356d15f502c92cb799e54a5131ac49d3518be35cbae8406b67174e8a2aa,dataset\train\images\картинки\26db0356d15f502c92cb799e54a5131ac49d3518be35cbae8406b67174e8a2aa.png,https://avatars.mds.yandex.net/i?id=2a78542c972b2762021bfaed03275f0b-4507724-images-thumbs&n=13
dd48747f647203d39c424387663382f610d7c7a692bb1c880feda55470dc6852,dataset\train\images\картинки\dd48747f647203d39c424387663382f610d7c7a692bb1c880feda55470dc6852.png,https://avatars.mds.yandex.net/i?id=676689d726716c81200a03e48744fb42_l-4559382-images-thumbs&n=13
501aa7e5dab257d80dec1b1bd02815e62621675379899bdb1a278579cfabfeba,dataset\train\images\картинки\501aa7e5dab257d80dec1b1bd02815e62621675379899bdb1a278579cfabfeba.png,https://avatars.mds.yandex.net/i?id=ee0b090ce8a6b14efa93c0756fcbbe90_l-5273084-images-thumbs&n=13
22ae508f177c26155ca97f45c2a3fc3f03e152550b2e29f1b73be2319692e8bb,dataset\train\images\картинки\22ae508f177c26155ca97f45c2a3fc3f03e152550b2e29f1b73be2319692e8bb.png,https://avatars.mds.yandex.net/i?id=7e475cee48a09d5248a3fe37da57ec38_l-2465206-images-thumbs&n=13
6fdd292526987c5ca77bdb03f549874138387a2e5e5bd43ebddf0506d58ccc40,dataset\train\images\картинки\6fdd292526987c5ca77bdb03f549874138387a2e5e5bd43ebddf0506d58ccc40.png,https://avatars.mds.yandex.net/i?id=3125871a09260ffed3178b771b054cd0_l-10680870-images-thumbs&n=13
38f97b0adfa5061a16dcb8dbf5df6732c413d21a43bcbb145feb7bddc3d05fe7,dataset\train\images\картинки\38f97b0adfa5061a16dcb8dbf5df6732c413d21a43bcbb145feb7bddc3d05fe7.png,https://i.pinimg.com/originals/8f/72/1f/8f721f2f3e82915b9333b343e29c1156.jpg
e25d632d646575c310f3fe89a11a7dac19cc836b0a5b22cf3f50006e4dd1d0b1,dataset\train\images\картинки\e25d632d646575c310f3fe89a11a7dac19cc836b0a5b22cf3f50006e4dd1d0b1.png,https://avatars.mds.yandex.net/i?id=c2669f79d23ce6b22a2afb8cfe084948-5595218-images-thumbs&n=13
80de24f6a7b9aebcd75fd868fafc63f21063d1eefb859c34e03ae94e2b6275c8,dataset\train\images\картинки\80de24f6a7b9aebcd75fd868fafc63f21063d1eefb859c34e03ae94e2b6275c8.png,https://avatars.mds.yandex.net/i?id=b0f8ae0be685aeb8dbc3dfefdcaa765f_l-5323930-images-thumbs&n=13
47596810abbfac4217bf432ce3a8cb58308b9ad2638231d5e9e27b83a8cd7c48,dataset\train\images\картинки\47596810abbfac4217bf432ce3a8cb58308b9ad2638231d5e9e27b83a8cd7c48.png,https://avatars.mds.yandex.net/i?id=a8b858a3f114f70bcbd7ae651ca157cc_l-5495450-images-thumbs&n=13
24eaa2b79e087529b6322461576bb35b335633f9b48f2aa7fdd4997fb6289d42,dataset\train\images\картинки\24eaa2b79e087529b6322461576bb35b335633f9b48f2aa7fdd4997fb6289d42.png,https://avatars.mds.yandex.net/i?id=72414f38d99aee68efc1743606778209_l-5230461-images-thumbs&n=13
5f97a01fd4081808e74ed5a7ea63c86d1c0faf165810406b6ae21f935d253f10,dataset\train\images\картинки\5f97a01fd4081808e74ed5a7ea63c86d1c0faf165810406b6ae21f935d253f10.png,https://img.goodfon.ru/original/2880x1800/3/4c/kamni-moh-cvety-vodopad.jpg
127949c6dc5c8d5255a0e25f904335dfc5527698a5050e29fca7ed62f87fee5c,dataset\train\images\картинки\127949c6dc5c8d5255a0e25f904335dfc5527698a5050e29fca7ed62f87fee5c.png,https://avatars.mds.yandex.net/i?id=9e2d9dfe9e1d135cd5df0c76d4c9b7ea_l-4545333-images-thumbs&n=13
627dd06283c5be932659685848b726019a004e6ecbea47f3fd4a9b3d2c89947b,dataset\train\images\картинки\627dd06283c5be932659685848b726019a004e6ecbea47f3fd4a9b3d2c89947b.png,https://avatars.mds.yandex.net/i?id=b46e87bf906ea1d90e2269c9bcc51cf7_l-5205837-images-thumbs&n=13
2ccca5a183dea23259c761de7705a78fce87854972fb691df35b8ea3355ab408,dataset\train\images\картинки\2ccca5a183dea23259c761de7705a78fce87854972fb691df35b8ea3355ab408.png,https://avatars.mds.yandex.net/i?id=73bdd21afc8257586d86b655cb3c2f5e_l-9046135-images-thumbs&n=13
0aaf3a7e0175773e56a7439759ae3f2b0350257bfac559004acc621959ade347,dataset\train\images\картинки\0aaf3a7e0175773e56a7439759ae3f2b0350257bfac559004acc621959ade347.png,https://avatars.mds.yandex.net/i?id=d1d01f064bdaa082bfbab6475ff1a302_l-5578090-images-thumbs&n=13
88586accde0e809cb5349b46682d422c2da1cf6e8e7248ee2e5e8d7d726b013f,dataset\train\images\картинки\88586accde0e809cb5349b46682d422c2da1cf6e8e7248ee2e5e8d7d726b013f.png,https://avatars.mds.yandex.net/i?id=cd64adc912d136ea379780d563b627f2_l-4575864-images-thumbs&n=13
993df156a2bcd519588b04ec622d983de7c42ccea9372a85ae46cc2cbea0c80a,dataset\train\images\картинки\993df156a2bcd519588b04ec622d983de7c42ccea9372a85ae46cc2cbea0c80a.png,https://avatars.mds.yandex.net/i?id=8bc8580b5b4423f581b20615be6541fb_l-11959565-images-thumbs&n=13
b78723830d8841b1ca0a41503efd409ec514646859e8225490990379c3431610,dataset\train\images\картинки\b78723830d8841b1ca0a41503efd409ec514646859e8225490990379c3431610.png,https://avatars.mds.yandex.net/i?id=94671116703b821ea010e6c4e82c2cfe_l-5333380-images-thumbs&n=13
94d1c2ff31db7407c43a515822a85e402c1c13053dd1ce24a04d38ca7a9672ca,dataset\train\images\картинки\94d1c2ff31db7407c43a515822a85e402c1c13053dd1ce24a04d38ca7a9672ca.png,https://avatars.mds.yandex.net/i?id=f148295dded0281621f4e3edf275a6db_l-5305442-images-thumbs&n=13
62dc80d68bceb7bf9d63f6e6edb68b4ee94c0b5b98d452335c458e08731f7506,dataset\train\images\картинки\62dc80d68bceb7bf9d63f6e6edb68b4ee94c0b5b98d452335c458e08731f7506.png,https://avatars.mds.yandex.net/i?id=bc605b52f86481c08a755976eb7390c6_l-5103338-images-thumbs&n=13
3a9667165e887b52bb994e12ceb8a42459bf432cafc29218a316efb59e63b809,dataset\train\images\картинки\3a9667165e887b52bb994e12ceb8a42459bf432cafc29218a316efb59e63b809.png,https://avatars.mds.yandex.net/i?id=8e4488eb9b080bf87cda33147b172aa2-5524072-images-thumbs&n=13
ea674cb9504e62411b5e88a1c75d9c34564d742f02c9ec47e57ebcfebc895d2f,dataset\train\images\картинки\ea674cb9504e62411b5e88a1c75d9c34564d742f02c9ec47e57ebcfebc895d2f.png,https://avatars.mds.yandex.net/i?id=d5cd8d396dd491b9de4ad75dd5f6b14c_l-5284852-images-thumbs&n=13
3799a59c0442f4843966ad78fa292613de1d748bbf3e4308050b6895aa7b0794,dataset\train\images\картинки\3799a59c0442f4843966ad78fa292613de1d748bbf3e4308050b6895aa7b0794.png,https://avatars.mds.yandex.net/i?id=704d138594cb937e5b2612a0f33f148a_l-5222024-images-thumbs&n=13
07eac7bf971785a361f54982503d8d95a4e5121aff07762bbaf2282d49c14855,dataset\train\images\картинки\07eac7bf971785a361f54982503d8d95a4e5121aff07762bbaf2282d49c14855.png,https://avatars.mds.yandex.net/i?id=fcff97c6424573f035a43de1bdd2ffbf_l-4589708-images-thumbs&n=13
66778ecaf8d6a350809fb8bc3fd64d701ec2ea6418ebbfa44af939f41289347b,dataset\train\images\картинки\66778ecaf8d6a350809fb8bc3fd64d701ec2ea6418ebbfa44af939f41289347b.png,https://i.pinimg.com/originals/e3/4e/0d/e34e0d86b363c8161e594b0ace54e6ad.jpg
d64704f7f52d594a51e6a6364fe4e7a26db72eb970126111cdb85f0d3392494c,dataset\train\images\картинки\d64704f7f52d594a51e6a6364fe4e7a26db72eb970126111cdb85f0d3392494c.png,https://avatars.mds.yandex.net/i?id=cd26ed9dded2a35601edb0ca0aa0ea02_l-9765845-images-thumbs&n=13
698c408b26b7594e284c61172e7733e02f535bf9e1758a702f9f457b915187a4,dataset\train\images\картинки\698c408b26b7594e284c61172e7733e02f535bf9e1758a702f9f457b915187a4.png,https://avatars.mds.yandex.net/i?id=bc98148f721922b517186e9a6a995a63_l-4767024-images-thumbs&n=13
382bfae73e4aa90f75380f3ed3d73f05ce2d215f382c3387402e6eb1a40ea8ce,dataset\train\images\картинки\382bfae73e4aa90f75380f3ed3d73f05ce2d215f382c3387402e6eb1a40ea8ce.png,https://avatars.mds.yandex.net/i?id=943fa7a44c5c23e0fca78f9b97ececd9_l-5388624-images-thumbs&n=13
df7e767f184d9ba663ca8b2fd3fabf43971047422bc64f5748823d8d18b62193,dataset\train\images\картинки\df7e767f184d9ba663ca8b2fd3fabf43971047422bc64f5748823d8d18b62193.png,https://avatars.mds.yandex.net/i?id=67fdce7b11737fce9fc4b9185debb92d_l-7552082-images-thumbs&n=13
85b7564acea5cced58c7c6324c7cdd928c62394190441129441424a1ca674252,dataset\train\images\картинки\85b7564acea5cced58c7c6324c7cdd928c62394190441129441424a1ca674252.png,https://avatars.mds.yandex.net/i?id=1aa719303f75d9764cc4e738b1d35abe_l-5218303-images-thumbs&n=13
8ec256559127a4807baae4eefcb750777a8e0f488269b5b84c20048f01edea03,dataset\train\images\картинки\8ec256559127a4807baae4eefcb750777a8e0f488269b5b84c20048f01edea03.png,https://avatars.mds.yandex.net/i?id=f67f344b66d43bd7b1ea935304f7948a_l-5350948-images-thumbs&n=13
68b526200148122cc9865819999b5055613dcb0a3734e441264e35bf4ccb2762,dataset\train\images\картинки\68b526200148122cc9865819999b5055613dcb0a3734e441264e35bf4ccb2762.png,https://avatars.mds.yandex.net/i?id=d4e957d0646fa7b8489b1e1c837ae268_l-8209814-images-thumbs&n=13
22f7e828b50643a7e683db9568bccb5dada78f5f57fbfd31d2c22817cc60c398,dataset\train\images\картинки\22f7e828b50643a7e683db9568bccb5dada78f5f57fbfd31d2c22817cc60c398.png,https://avatars.mds.yandex.net/i?id=690a03f8c65878c3d0c99c8e708034be_l-5436811-images-thumbs&n=13
37018ab3e0edabe38a45fd536bc72dbda939d87ae745ddcdc0c20c48a1ee8723,dataset\train\images\картинки\37018ab3e0edabe38a45fd536bc72dbda939d87ae745ddcdc0c20c48a1ee8723.png,https://public-assets.comfyworkflows.com/optimized_comfy_workflows_user_uploads/dce84f90-f392-48a8-b6c4-574aa46816c5/assets/SUPIR_correct_ultrasharp_00011_.webp
78b885b4a651abbf147c0e7721a6718515252a04bf9b7fb0fe5e0e1b3c212dac,dataset\train\images\картинки\78b885b4a651abbf147c0e7721a6718515252a04bf9b7fb0fe5e0e1b3c212dac.png,https://avatars.mds.yandex.net/i?id=b609e96956842a9640cd328a9a6bbb8a_l-3700445-images-thumbs&n=13
eebea2f67c1263418823fb3c6d325cf80100eeba73f2092ef3726c68bc8dec9a,dataset\train\images\картинки\eebea2f67c1263418823fb3c6d325cf80100eeba73f2092ef3726c68bc8dec9a.png,https://avatars.mds.yandex.net/i?id=f3c91e2e92a36db1cef040964f4184f0_l-5254476-images-thumbs&n=13
a528d828d39dd866be5485a1dfc7a94354096eff26be1009f6a8f5474bd59bc0,dataset\train\images\картинки\a528d828d39dd866be5485a1dfc7a94354096eff26be1009f6a8f5474bd59bc0.png,https://avatars.mds.yandex.net/i?id=cc54ac67e2052397c9184693404a70ee_l-5235116-images-thumbs&n=13
f6fbcc13fa3af2d5a31adf360e05bf823c850086b32222297121d2c33db813d0,dataset\train\images\картинки\f6fbcc13fa3af2d5a31adf360e05bf823c850086b32222297121d2c33db813d0.png,https://avatars.mds.yandex.net/i?id=603472747b160f512f8fd6a92b38763f_l-5634817-images-thumbs&n=13
e0145ab52b3718cbbb9f2783f95aa496c0db4a0269430a9eb7ff40ec3506f47c,dataset\train\images\картинки\e0145ab52b3718cbbb9f2783f95aa496c0db4a0269430a9eb7ff40ec3506f47c.png,https://avatars.mds.yandex.net/i?id=8afb91ea6b1f882563e66502effb4d31_l-9083254-images-thumbs&n=13
7a9cd9cb84ece4510d76fbadbfe3357f544af0e0268f84a09a1119a412948b40,dataset\train\images\картинки\7a9cd9cb84ece4510d76fbadbfe3357f544af0e0268f84a09a1119a412948b40.png,https://avatars.mds.yandex.net/i?id=f473960dc4c05b291e8cd44d5f81fe37_l-9226182-images-thumbs&n=13
2479ca3c106430168024dfaaf706d09793ab43eefcb2b92ca4bf0ef767f129ac,dataset\train\images\картинки\2479ca3c106430168024dfaaf706d09793ab43eefcb2b92ca4bf0ef767f129ac.png,https://avatars.mds.yandex.net/i?id=de70c1ada813ffd3ef371891582aec50_l-3888471-images-thumbs&n=13
8fc7ef3996066f4ae3b472b3cf85ccd56d87225b0426e83242ecfe92e3a66904,dataset\train\images\картинки\8fc7ef3996066f4ae3b472b3cf85ccd56d87225b0426e83242ecfe92e3a66904.png,https://avatars.mds.yandex.net/i?id=4fc0ef95bc3f503c91dce4b97bfa4679_l-9765845-images-thumbs&n=13
f20d4206a98885824101d45491a875c4d3d16c77846a847a8cd7c2f147140adb,dataset\train\images\картинки\f20d4206a98885824101d45491a875c4d3d16c77846a847a8cd7c2f147140adb.png,https://avatars.mds.yandex.net/i?id=cd3945fca6658d967f92617118153930_l-5350728-images-thumbs&n=13
61beba84bd29810ae8f88f74994bbd62bffbca3a697dc80a8c42feafec277b34,dataset\train\images\картинки\61beba84bd29810ae8f88f74994bbd62bffbca3a697dc80a8c42feafec277b34.png,https://avatars.mds.yandex.net/i?id=11dafbb2f3eedb9aa6649615d32eb84b_l-4876831-images-thumbs&n=13
b31ac573eafedaf4661d91ea272634c4abc6803720448f5a5ce32753da435330,dataset\train\images\картинки\b31ac573eafedaf4661d91ea272634c4abc6803720448f5a5ce32753da435330.png,https://avatars.mds.yandex.net/i?id=0896e9f38183cd57fb95d5d9a22812b5_l-8324697-images-thumbs&n=13
cefd2d0fb22743c82fdb1a4eae445a2b292d3488584f90743cfa5c6704cca9c4,dataset\train\images\картинки\cefd2d0fb22743c82fdb1a4eae445a2b292d3488584f90743cfa5c6704cca9c4.png,https://avatars.mds.yandex.net/i?id=b36d055e77cb412a5c1a3429c4414d45_l-4233878-images-thumbs&n=13
3ee7eaee91cfcdc69f16474cbb77cc851409e1d81607037597e4247ad9eb4e51,dataset\train\images\картинки\3ee7eaee91cfcdc69f16474cbb77cc851409e1d81607037597e4247ad9eb4e51.png,https://avatars.mds.yandex.net/i?id=96a0092b3f38129f01b39f9463de6e61_l-5366304-images-thumbs&n=13
85dd14ede54dd5b8bdd62e557904d4d458306f979c0cd0458d2cc4e0a59a2c53,dataset\train\images\картинки\85dd14ede54dd5b8bdd62e557904d4d458306f979c0cd0458d2cc4e0a59a2c53.png,https://avatars.mds.yandex.net/i?id=4d5876da80c2edd76e533f69de64469c_l-5527999-images-thumbs&n=13
d61c2d12c13515ed068e5e4e46c7a99de75802c60588beeeea7fe223b3fb9097,dataset\train\images\картинки\d61c2d12c13515ed068e5e4e46c7a99de75802c60588beeeea7fe223b3fb9097.png,https://avatars.mds.yandex.net/i?id=a31a31660b4a8578f08c4c3aabed6ee9_l-10310233-images-thumbs&n=13
89f0d3d3b84338ae157257c05c27b681966dbdf001a24c8ec7e0be197d7b27ab,dataset\train\images\картинки\89f0d3d3b84338ae157257c05c27b681966dbdf001a24c8ec7e0be197d7b27ab.png,https://avatars.mds.yandex.net/i?id=d4f21b63f0db540bd6451b438ab75375_l-9843573-images-thumbs&n=13
b78163ebb7f04e18c1eee26e61edf4560db3937b6a844ce9815a55584cee6a15,dataset\train\images\картинки\b78163ebb7f04e18c1eee26e61edf4560db3937b6a844ce9815a55584cee6a15.png,https://avatars.mds.yandex.net/i?id=c3c299ac0de7c2b9cfebcee32a9d65ec_l-12517331-images-thumbs&n=13
6083a18fbc548d5d53f407d73b676a30d95271b138cb2a876456933b416fba42,dataset\train\images\картинки\6083a18fbc548d5d53f407d73b676a30d95271b138cb2a876456933b416fba42.png,https://avatars.mds.yandex.net/i?id=d398c0ba1b315ee0751300ad993df155_l-5233238-images-thumbs&n=13
e2e0c1b18f4f63676d3beab6c04d9d9e76b755636f219c36b04de52ca4e937b2,dataset\train\images\картинки\e2e0c1b18f4f63676d3beab6c04d9d9e76b755636f219c36b04de52ca4e937b2.png,https://avatars.mds.yandex.net/i?id=08e45900ce0a69b74c6499d335b1342f_l-5263630-images-thumbs&n=13
f4069555d9da5ed90711baa32af59068f21b8d6b50473516d08bc6ffea927480,dataset\train\images\картинки\f4069555d9da5ed90711baa32af59068f21b8d6b50473516d08bc6ffea927480.png,https://avatars.mds.yandex.net/i?id=aa68763c5b4b5ffa2cbc9be8ea807073_l-5179059-images-thumbs&n=13
83e24cc4dd2a361131beef2a117458e31e2c3a07bcb711df300c25959c1ade6e,dataset\train\images\картинки\83e24cc4dd2a361131beef2a117458e31e2c3a07bcb711df300c25959c1ade6e.png,https://images.wallpaperscraft.com/image/single/bridge_rocks_river_58661_2560x1600.jpg
9834dcec6f04093c059561346b4bd7c25bb633e84145227dad088e419e3c864c,dataset\train\images\картинки\9834dcec6f04093c059561346b4bd7c25bb633e84145227dad088e419e3c864c.png,https://avatars.mds.yandex.net/i?id=268ff79ee06ab3aa95936b20e5c54b6d_l-7083379-images-thumbs&n=13
5cd476b2e088c17362f6dbceb07ee48d46b5b5e3a3ae5cfd320e707dd669ea8b,dataset\train\images\картинки\5cd476b2e088c17362f6dbceb07ee48d46b5b5e3a3ae5cfd320e707dd669ea8b.png,https://avatars.mds.yandex.net/i?id=befefcf75c8df07b536f3cc73e90f449_l-6002742-images-thumbs&n=13
601e10d824a6ffa84e0b34a02ea32e254428eb64de8875aebee18602b5b43db9,dataset\train\images\картинки\601e10d824a6ffa84e0b34a02ea32e254428eb64de8875aebee18602b5b43db9.png,https://avatars.mds.yandex.net/i?id=68ed8dcd35365df900b93456cbc08604_l-5162959-images-thumbs&n=13
29d08a9d1f72f48352618820a963f5f36f40c3dd577064fce2ed9a4535b9e000,dataset\train\images\картинки\29d08a9d1f72f48352618820a963f5f36f40c3dd577064fce2ed9a4535b9e000.png,https://avatars.mds.yandex.net/i?id=10691db04e75ec0657f0e32a42ae47df_l-5352587-images-thumbs&n=13
c9f1285372452d1716e1779a6bc3c1b2f914e6703653e1f8721501a9b63899ef,dataset\train\images\картинки\c9f1285372452d1716e1779a6bc3c1b2f914e6703653e1f8721501a9b63899ef.png,https://avatars.mds.yandex.net/i?id=f18da8ce4d2d3c2257f4e07e6f1d27f8_l-4457466-images-thumbs&n=13
492538b9aff7e80a790e4539788add7bf7e7d008bd55da62bcdfbb26c238f379,dataset\train\images\картинки\492538b9aff7e80a790e4539788add7bf7e7d008bd55da62bcdfbb26c238f379.png,https://avatars.mds.yandex.net/i?id=a63e656f4279da0e7ce32f3a7fa74c6b_l-4238413-images-thumbs&n=13
3118afce8c788d79890f30898128ddaaf0e138591a0c0ba9762eda9bbfce857e,dataset\train\images\картинки\3118afce8c788d79890f30898128ddaaf0e138591a0c0ba9762eda9bbfce857e.png,https://avatars.mds.yandex.net/i?id=3ce8d59f2a2e3f02eee0693263f26e79_l-9070589-images-thumbs&n=13
3c2728db5844066f779b9dd75e6a74501f5c8d8953446032ddb2d8b2020f63d0,dataset\train\images\картинки\3c2728db5844066f779b9dd75e6a74501f5c8d8953446032ddb2d8b2020f63d0.png,https://avatars.mds.yandex.net/i?id=460795a3dcfe8dbf53d3ce1b599e148e_l-5234536-images-thumbs&n=13
5875ca68996aa63bba055129e83ffe60b225ac679f1840616e817bed1a5901e1,dataset\train\images\картинки\5875ca68996aa63bba055129e83ffe60b225ac679f1840616e817bed1a5901e1.png,https://avatars.mds.yandex.net/i?id=b9b2009dbd221c2a456995b3ad1044d7_l-5236381-images-thumbs&n=13
77ce91135a32787898fa90d4dfa6087ee3cc09cb1791cafda494f348b4c76de1,dataset\train\images\картинки\77ce91135a32787898fa90d4dfa6087ee3cc09cb1791cafda494f348b4c76de1.png,https://avatars.mds.yandex.net/i?id=5676241ad04a510ca49cd6a4e13cee65_l-5859268-images-thumbs&n=13
61627ecfa3df8b98def6de33075a3f922b03071bde564bedac892533341fa255,dataset\train\images\картинки\61627ecfa3df8b98def6de33075a3f922b03071bde564bedac892533341fa255.png,https://avatars.mds.yandex.net/i?id=1eae45063a9abec84b40a1a4ae4db60d_l-5585005-images-thumbs&n=13
c024b86206980ed92dbb572018d41eea68a1a6a94f4954dbaf2f359c58160318,dataset\train\images\картинки\c024b86206980ed92dbb572018d41eea68a1a6a94f4954dbaf2f359c58160318.png,https://avatars.mds.yandex.net/i?id=18988ca157d1ac13b8d17f28b3e5b5fe_l-5510085-images-thumbs&n=13
d5fe8869014614986b2bc891e8b2a4dd1cfbc71a1595ef650994677e3b174ff4,dataset\train\images\картинки\d5fe8869014614986b2bc891e8b2a4dd1cfbc71a1595ef650994677e3b174ff4.png,https://avatars.mds.yandex.net/i?id=84d851d01d5e61e49bceb02c499ceed0_l-5221157-images-thumbs&n=13
c21674d4265fbdff16b785dd26dfe5dabd36c3741eb0905ee4453877d26d40b8,dataset\train\images\картинки\c21674d4265fbdff16b785dd26dfe5dabd36c3741eb0905ee4453877d26d40b8.png,https://avatars.mds.yandex.net/i?id=a2026f46d4b05891aa1ad964a7998c31_l-5293988-images-thumbs&n=13
9fc40e06d6d9c6333152ceb4a88455ea08fe75f65b666100739e654eabace7a2,dataset\train\images\картинки\9fc40e06d6d9c6333152ceb4a88455ea08fe75f65b666100739e654eabace7a2.png,https://avatars.mds.yandex.net/i?id=f710cb129f0d52a29257c19f33e72845_l-4866016-images-thumbs&n=13
cf97cce61ef07fdc1bdda40eec0e8e24bfad061b734e3c3c00c6f4a3c0efe693,dataset\train\images\картинки\cf97cce61ef07fdc1bdda40eec0e8e24bfad061b734e3c3c00c6f4a3c0efe693.png,https://avatars.mds.yandex.net/i?id=60172f7350a57992855c3ca0536c3bfb_l-5878042-images-thumbs&n=13
c8e494290c5b72a427cc0998e7c7922356fd0842465571375ba9552c284ea460,dataset\train\images\картинки\c8e494290c5b72a427cc0998e7c7922356fd0842465571375ba9552c284ea460.png,https://avatars.mds.yandex.net/i?id=25f665cea60df8c45db991f33a6902ae_l-5235821-images-thumbs&n=13
f10ed218e01b43310cd041719030bc54539235a61acb00972f7b086474a5f943,dataset\train\images\картинки\f10ed218e01b43310cd041719030bc54539235a61acb00972f7b086474a5f943.png,https://avatars.mds.yandex.net/i?id=dd07635843342384b0b2aa381c458d3f-5623485-images-thumbs&n=13
237f576cbd21636b02cb01e28a900868bb52b7258481a0d512b88974dae401b2,dataset\train\images\картинки\237f576cbd21636b02cb01e28a900868bb52b7258481a0d512b88974dae401b2.png,https://avatars.mds.yandex.net/i?id=a65d6e4c126b52ac6ff4b0d064b8429e_l-5300120-images-thumbs&n=13
083b77cf8b10ccb88b1ab9db3ce6e2e6b595ed5313b3bff1fc084405af5e78ec,dataset\train\images\картинки\083b77cf8b10ccb88b1ab9db3ce6e2e6b595ed5313b3bff1fc084405af5e78ec.png,https://avatars.mds.yandex.net/i?id=84018cdd98835522131360843f921ebe_l-7705680-images-thumbs&n=13
11ccb149ed9bb0e2bda5ea5749413e3f2ad94d125eae723616c1b7bf0117391b,dataset\train\images\картинки\11ccb149ed9bb0e2bda5ea5749413e3f2ad94d125eae723616c1b7bf0117391b.png,https://static.insales-cdn.com/images/products/1/5307/160167099/%D0%BF227.png
44d0f4e46b6a4984ed26230a01839676789162112101ec62e1195c3e162d054d,dataset\train\images\картинки\44d0f4e46b6a4984ed26230a01839676789162112101ec62e1195c3e162d054d.png,https://avatars.mds.yandex.net/i?id=85aeacf942666b58e3d429f447b5d94b_l-10878189-images-thumbs&n=13
bcb3d45d05bf0bf4b17518459e8e1ab17b22411d725aaedbc90504001dc7673f,dataset\train\images\картинки\bcb3d45d05bf0bf4b17518459e8e1ab17b22411d725aaedbc90504001dc7673f.png,https://avatars.mds.yandex.net/i?id=7bbd4551d20aed254d608af91ac59838_l-5255574-images-thumbs&n=13
d02b37246f6ddaf25d9b8874dab2ee0e654efa353e9a53d2656bf7c1bbc47059,dataset\train\images\картинки\d02b37246f6ddaf25d9b8874dab2ee0e654efa353e9a53d2656bf7c1bbc47059.png,https://avatars.mds.yandex.net/i?id=358a3ff1360020aa4c7c570909411fe3_l-4012443-images-thumbs&n=13
f0879b9cbd2041da5445b20c6c48b40ef5acf1f6794f249ec4b492dc714bd694,dataset\train\images\картинки\f0879b9cbd2041da5445b20c6c48b40ef5acf1f6794f249ec4b492dc714bd694.png,https://avatars.mds.yandex.net/i?id=e512a28a7e63a8849e9ce54c33f5d06a_l-5252220-images-thumbs&n=13
210c984abec5d297971fbe7e74d50306a17c35da7c3206122d8a8da279913c3a,dataset\train\images\картинки\210c984abec5d297971fbe7e74d50306a17c35da7c3206122d8a8da279913c3a.png,https://www.sunhome.ru/i/wallpapers/125/vodopad-v9.orig.jpg
004ec4f3ed3c81e1ac14424fd668a879af5fdb9fdb1e8c494884bd6f9702c297,dataset\train\images\картинки\004ec4f3ed3c81e1ac14424fd668a879af5fdb9fdb1e8c494884bd6f9702c297.png,https://avatars.mds.yandex.net/i?id=9183443ed955fefc6eb6df60ecf1d886_l-6971541-images-thumbs&n=13
